{
  "holdout_season": 2025,
  "hitters": {
    "Naive (current stat)": {
      "RMSE": 0.048553926894584556,
      "MAE": 0.03895541022592152,
      "R2": -0.18329923065508957
    },
    "Marcel baseline": {
      "RMSE": 0.041911599646439486,
      "MAE": 0.03250363555271148,
      "R2": 0.1183132061754385
    },
    "Ridge regression": {
      "RMSE": 0.040272249184732496,
      "MAE": 0.030943370764060146,
      "R2": 0.18593771840219508
    },
    "Gradient boosting": {
      "RMSE": 0.04213552107578427,
      "MAE": 0.032593230543526974,
      "R2": 0.10886684906438049
    },
    "_deployed": "Ridge regression"
  },
  "pitchers": {
    "Naive (current stat)": {
      "RMSE": 1.1938773941519445,
      "MAE": 0.9288289290681502,
      "R2": -0.00988649066541658
    },
    "Marcel baseline": {
      "RMSE": 1.103857537697456,
      "MAE": 0.8429704659905755,
      "R2": 0.13666537363124887
    },
    "Ridge regression": {
      "RMSE": 1.0662659147593265,
      "MAE": 0.8045734978072396,
      "R2": 0.194465477772797
    },
    "Gradient boosting": {
      "RMSE": 1.091612366722339,
      "MAE": 0.840427955942253,
      "R2": 0.15571320099320396
    },
    "_deployed": "Ridge regression"
  },
  "n_train": {
    "hitters": 3412,
    "pitchers": 2847
  },
  "n_holdout": {
    "hitters": 841,
    "pitchers": 719
  }
}